index,name,type,level,productA,productB,productC
0,Sushi Bar,0,1,California Roll:2,Tuna Sushi:8,Sea Urchin:25
1,Mexican Food,0,1,Chips & Salsa:1,Tacos:10,Shrimp Platter:30
2,Tea House,0,1,Green Tea:5,Dumplings:25,Pork Katsu:40
3,Vegan Food,0,1,Beet Salad:10,Roasted Potatoes:25,Soy burger:35
4,Frozen Yogurt,0,1,Mini Chocolate:5,Medium Vanilla:15,Jumbo Swirl:30
5,Smoothie Shop,0,1,Wheatgrass:4,Small Smoothie:15,Jumbo Juice:30
6,Sub Shop,0,1,6 inch Sub:10,9 inch Sub:15,12 inch Sub:20
7,Coffee House,0,1,Espresso:5,Tall Latte:10,Frappe:20
8,Sky Burger,0,1,Fries:10,Nuggets:15,Big Burger:30
9,Asian Cuisine,0,1,Spring Rolls:10,Noodle Bowl:25,Orange Tofu:45
10,Diner,0,1,Cup of Joe:5,Bacon & Eggs:20,Soup & Sandwich:30
11,Pub,0,1,Bar Nuts:1,Root Beer:10,Hot Wings:25
12,Pizza Place,0,1,Pizza Slice:5,Personal Pan:30,Giant Pizza:45
13,Scoops,0,1,Ice Cream Bar:3,Triple Scoop:15,Ice Cream Cake:180
14,Bakery,0,1,Sugar Cookies:30,Walnut Muffins:45,Bread Loaf:180
15,Fancy Cuisine,0,1,Sparkling Juice:10,Caviar:30,Roast Duck:50
16,Barber Shop,1,1,Shave:5,Haircut:10,Perm:30
17,Day Spa,1,1,Pedicure:45,Facial:60,Stone Massage:120
18,Dentists Office,1,1,Cleaning:60,Teeth Whitening:120,Gold Crown:180
19,Doctors Office,1,1,Check Up:60,Prescription:180,Lab Test:1000
20,Fortune Teller,1,1,Palm Reading:30,Tarot Reading:45,Seance:160
21,Optometrist,1,1,Eye Glasses:60,Contact Lenses:120,Laser Treatment:180
22,Health Club,1,1,Weight Workout:30,Ball Workout:45,Cardio Workout: 120
23,Martial Arts,1,1,White Belt:240,Red Belt:480,Black Belt:700
24,Wedding Chapel,1,1,Quick Hitch:30,Full Ceremony:120,Themed Ceremony:360
25,Laundromat,1,1,Sock Fluff:5,Delicate Cycle:20,Denim Dry:40
26,Private eye,1,1,Background Check:180,Surveillance:500,Murder Mystery:1000
27,Tutoring Center,1,1,Addition Help:120,Grammar Help:180,Trig Help:360
28,Travel Agency,1,1,Car Reservation:15,Flight Booking:60,Cruise Booking:120
29,Ship & Print,1,1,Photocopies:15,Shipment:30,Sales Report:200
30,Pharmacy,1,1,Cold Medicine:10,Flu Shot:60,Rx Refill:120
31,Bank,1,1,Check Deposit:15,New Account:80,Loan Application:200
32,Arcade,2,1,1 Play:5,Extra Life:15,High Score:120
33,Video Rental,2,1,Movie Rental:4,New Release:15,Console Rental:30
34,Museum,2,1,Admission:45,Audio Tour:80,Charity Event:220
35,Aquarium,2,1,Admission:30,Fish Toy:45,Annual Pass:200
36,Cineplex,2,1,Popcorn:15,Matinee:120,3D Movie:200
37,Theater,2,1,Interpretive Dance:45,Comedy:120,Tragedy:180
38,Planetarium,2,1,Planet Tour:40,Solar Tour:100,Laser Show:120
39,Plainlake Apts.,5,200,2nd Bedroom:30,3rd Bedroom:60,3 Bed:1000
40,Sweetside Apts.,5,300,2nd Bedroom:30,3rd Bedroom:60,3 Bed:1000
41,Tuscana Apts.,5,1000,2nd Bedroom:30,3rd Bedroom:60,3 Bed:1000
42,Lotus Apts.,5,800,2nd Bedroom:30,3rd Bedroom:60,3 Bed:1000
43,Moderna Apts.,5,5000,2nd Bedroom:30,3rd Bedroom:60,3 Bed:1000
44,Chateau Apts.,5,7000,2nd Bedroom:30,3rd Bedroom:60,3 Bed:1000
45,50's Apts.,5,2000,2nd Bedroom:30,3rd Bedroom:60,3 Bed:1000
46,Santa Fe Apts.,5,3000,2nd Bedroom:30,3rd Bedroom:60,3 Bed:1000
47,Gothic Apts.,5,10000,2nd Bedroom:30,3rd Bedroom:60,3 Bed:1000
48,Art Deco Apts.,5,2000,2nd Bedroom:30,3rd Bedroom:60,3 Bed:1000
49,Rustic Apts.,5,3000,2nd Bedroom:30,3rd Bedroom:60,3 Bed:1000
50,Eclectic Apts.,5,4000,2nd Bedroom:30,3rd Bedroom:60,3 Bed:1000
51,Broadleaf Apts.,5,2000,2nd Bedroom:30,3rd Bedroom:60,3 Bed:1000
52,Safari Apts.,5,1500,2nd Bedroom:30,3rd Bedroom:60,3 Bed:1000
53,70's Apts.,5,1000,2nd Bedroom:30,3rd Bedroom:60,3 Bed:1000
54,Loft Apts.,5,8000,2nd Bedroom:30,3rd Bedroom:60,3 Bed:1000
55,Mini Golf,2,1,1 Player Round:30,2 Player Round:60,3 Player Round:120
56,Volleyball Club,2,1,Practice:30,Friendly Game:60,Tournament:300
57,Racquetball,2,1,Practice:30,Friendly Game:60,Tournament:300
58,Empty Floor,6,1,na:0,na:0,na:0
59,Construction,7,1,construction:60,na:0,na:0
60,Bowling Alley,2,1,Shoe Rental:5,Single Game:30,Tournament:300
61,Cyber Cafe,2,1,Web Browsing:15,Computer Games:30,Game Tourney:400
62,Paintball Arena,2,1,100 Paintballs:45,500 Paintballs:120,1000 Paintballs:245
63,Night Club,2,1,Cover Charge:5,Cocktail:10,VIP Ticket:45
64,Casino,2,1,Nickel Slots:20,Dollar Slots:45,Poker Game:100
65,Comedy Club,2,1,LOL's:5,LMAO's:8,ROFL's:25
66,Toy Store,3,1,Toy Blocks:6,Rocket Ship:15,Toy Soldiers:30
67,Mapple Store,3,1,MyPod:30,MyPhone:120,MyBook:300
68,Book Store,3,1,Paperback:15,Hardback:25,Boxed Set:60
69,Shoe Store,3,1,Sandals:20,Sneakers:30,Dress Shoes:60
70,Hat Shop,3,1,Trucker Hat:15,Cowboy Hat:45,Top Hat:60
71,Record Shop,3,1,Single:25,Album:50,Discography:150
72,Music Store,3,1,Sheet Music:10,Trumpet:45,Electric Guitar:110
73,Bike Shop,3,1,Bike Shirt:20,Bike Wheel:30,Mountain Bike:80
74,Comic Store,3,1,Mage Cards:15,BattleClub Figure:60,Atom Man No 1:180
75,Furniture Store,3,1,Fake Plant:20,End Table:60,Modern Chair:80
76,Plant Nursery,3,1,Small Cactus:13,Hanging Plant:38,Fertilizer:55
77,Fabric Shop,3,1,Thread Spool:10,Quilt Square:45,Bolts of Fabric:160
78,Mens Fashion,3,1,Tie:15,Dress Belt:35,3 Piece Suit:200
79,Womens Fashion,3,1,Cute Hat:15,Purse:35,Nice Outfit:200
80,Tech Store,3,1,Camera:30,Laptop:60,Flat Screen TV:230
81,Game Store,3,1,Used Game:20,Controller:40,Game System:160
82,Tattoo Parlor,4,1,Butterfly:45,Demon Skull:160,Fancy Parrot:300
83,Software Studio,4,1,Calendar App:60,Anti-Virus App:200,Bank Software:500
84,Pottery Studio,4,1,Simple Bowl:60,Pretty Plate:80,Detailed Vase:220
85,Glass Studio,4,1,Green Tumbler:60,Orange Vase:120,Aqua Bottle:300
86,Art Studio,4,1,Small Portrait:100,Still Life:200,Landscape:400
87,Photo Studio,4,1,Pet Portrait:15,Single Portrait:30,Family Portrait:60
88,Fashion Studio,4,1,Wrap Design:60,Blouse Design:300,Outfit Design:500
89,Recording Studio,4,1,Jingle Recording:45,Single Recording:400,Album Recording:600
90,Wood Shop,4,1,Chair:60,Rocking Horse:160,Bookcase:330
91,Architect Office,4,1,Room Addition:120,House Design:320,Tower Design:800
92,Graphic Design,4,1,Album Cover:60,Band Poster:100,Web Site:300
93,Film Studio,4,1,Food Commercial:120,TV Episode:200,Movie Shoot:700
94,Ad Agency,4,1,Print Ad:45,Billboard Ad:140,TV Ad:330
95,Game Studio,4,1,Match 3 Game:60,City Sim:200,MMORPG:700
96,Cake Studio,4,1,Single Layer:45,Double Layer:75,Triple Layer:200
97,Soda Brewery,4,1,Cherry Soda:20,Cola 6 Pack:40,Soda Keg:100
98,High Tech Apts.,5,9000,2nd Bedroom:30,3rd Bedroom:60,3 Bed:1000
99,Garden Apts.,5,4500,2nd Bedroom:30,3rd Bedroom:60,3 Bed:1000
100,Baycrest Apts.,5,3000,2nd Bedroom:30,3rd Bedroom:60,3 Bed:1000
101,Mismatch Apts.,5,1750,2nd Bedroom:30,3rd Bedroom:60,3 Bed:1000
102,Nerd Cave Apts.,5,6000,2nd Bedroom:30,3rd Bedroom:60,3 Bed:1000
103,Zen Apts.,5,9500,2nd Bedroom:30,3rd Bedroom:60,3 Bed:1000
104,Beach Apts.,5,6000,2nd Bedroom:30,3rd Bedroom:60,3 Bed:1000
105,Club Apts.,5,10000,2nd Bedroom:30,3rd Bedroom:60,3 Bed:1000
106,Hacienda Apts.,5,7500,2nd Bedroom:30,3rd Bedroom:60,3 Bed:1000
107,Greek Apts.,5,8500,2nd Bedroom:30,3rd Bedroom:60,3 Bed:1000
108,Storage Apts.,5,100,2nd Bedroom:30,3rd Bedroom:60,3 Bed:1000
109,Brightpoint Apts.,5,8000,2nd Bedroom:30,3rd Bedroom:60,3 Bed:1000
110,Cottage Apts.,5,1500,2nd Bedroom:30,3rd Bedroom:60,3 Bed:1000
111,Greenwood Apts.,5,2750,2nd Bedroom:30,3rd Bedroom:60,3 Bed:1000
112,Aquatic Apts.,5,3500,2nd Bedroom:30,3rd Bedroom:60,3 Bed:1000
113,Stonecrest Apts.,5,8000,2nd Bedroom:30,3rd Bedroom:60,3 Bed:1000
114,Bridgeview Apts.,5,3250,2nd Bedroom:30,3rd Bedroom:60,3 Bed:1000
115,Fawlty Apts.,5,4500,2nd Bedroom:30,3rd Bedroom:60,3 Bed:1000
116,Estate Apts.,5,10000,2nd Bedroom:30,3rd Bedroom:60,3 Bed:1000
117,Pinehurst Apts.,5,3500,2nd Bedroom:30,3rd Bedroom:60,3 Bed:1000
118,HiFi Apts.,5,4000,2nd Bedroom:30,3rd Bedroom:60,3 Bed:1000
119,Birchside Apts.,5,6900,2nd Bedroom:30,3rd Bedroom:60,3 Bed:1000
120,Westgrove Apts.,5,5500,2nd Bedroom:30,3rd Bedroom:60,3 Bed:1000
121,Plumbrook Apts.,5,4350,2nd Bedroom:30,3rd Bedroom:60,3 Bed:1000
122,Glendale Apts.,5,5000,2nd Bedroom:30,3rd Bedroom:60,3 Bed:1000
123,Ridgemill Apts.,5,4500,2nd Bedroom:30,3rd Bedroom:60,3 Bed:1000
124,Goldcreek Apts.,5,4200,2nd Bedroom:30,3rd Bedroom:60,3 Bed:1000
125,Silverwell Apts.,5,8800,2nd Bedroom:30,3rd Bedroom:60,3 Bed:1000
126,Mesa Apts.,5,6900,2nd Bedroom:30,3rd Bedroom:60,3 Bed:1000
127,Dover Apts.,5,6500,2nd Bedroom:30,3rd Bedroom:60,3 Bed:1000
128,Mistmont Apts.,5,7000,2nd Bedroom:30,3rd Bedroom:60,3 Bed:1000
129,Devonshire Apts.,5,4900,2nd Bedroom:30,3rd Bedroom:60,3 Bed:1000
130,Mapleton Apts.,5,5200,2nd Bedroom:30,3rd Bedroom:60,3 Bed:1000
131,Ivymoss Apts.,5,800,2nd Bedroom:30,3rd Bedroom:60,3 Bed:1000
132,Auto Dealer,3,1,Used Van:60,Hatchback:150,Convertible:700
133,BBQ Place,0,1,Onion Rings:20,BBQ Sandwich:60,Beef Ribs:220
134,Recycling,1,1,Newspaper:30,Cans:180,Glass:400
135,Floral Studio,4,1,Corsage:25,Bouquet:160,Arrangement:360
136,Rock Climbing,2,1,1 Climb:45,2 Climbs:90,3 Climbs:135
137,Millspring Apts.,5,10000,2nd Bedroom:30,3rd Bedroom:60,3 Bed:1000
138,Security Office,1,1,ID Badges:45,Radios:180,Tasers:600
139,Karaoke Club,2,1,Solo Song:30,Duet Song:100,Club Rental:800
140,Grocery Store,3,1,Cereal:45,Tabloid:100,Produce:300
141,Pancake House,0,1,Pancakes:35,Berry Pancakes:120,Big Stack:400
142,Laboratory,4,1,Love Potion:120,Mystery Goo:300,Monster:800
143,Tiki Apts.,5,7000,2nd Bedroom:30,3rd Bedroom:60,3 Bed:1000
144,Submarine Apts.,5,7000,2nd Bedroom:30,3rd Bedroom:60,3 Bed:1000
145,Anti Grav Apts.,5,9000,2nd Bedroom:30,3rd Bedroom:60,3 Bed:1000
146,Courthouse,1,1,Small Claims:60,Family Court:240,Grand Jury:900
147,Haunted House,2,1,Chills:25,Creeps:60,Screams:200
148,Candle Shop,3,1,Vanilla Candle:15,Pine Candle:50,Pumpkin Candle:190
149,Animation Studio,4,1,Animated Short:110,DVD Release:400,Cinema Classic:1000
150,Donut Shop,0,1,Donut Holes:20,Glazed Donut:45,Bearclaws:200
151,Egyptian Apts.,5,8000,2nd Bedroom:30,3rd Bedroom:60,3 Bed:1000
152,Magic Apts.,5,7000,2nd Bedroom:30,3rd Bedroom:60,3 Bed:1000
153,Roman Apts.,5,6000,2nd Bedroom:30,3rd Bedroom:60,3 Bed:1000
154,Seafood,0,1,Sea Bass:35,Lobster:45,King Crab:200
155,Jewelry Store,3,1,Earrings:50,Diamond Ring:230,Necklace:440
156,Mechanic,1,1,Oil Change:60,New Tire:110,Tune Up:430
157,Billiard Hall,2,1,Trick Shots:30,9-ball Game:50,Pool Contest:500
158,TV Studio,4,1,News Segment:45,Talk Show:120,Celeb Interview:345
159,Arctic Apts.,5,6000,2nd Bedroom:30,3rd Bedroom:60,3 Bed:1000
160,Space Apts.,5,8000,2nd Bedroom:30,3rd Bedroom:60,3 Bed:1000
161,Bachelor Apts.,5,300,2nd Bedroom:30,3rd Bedroom:60,3 Bed:1000